Stops,Number
STN Ang Mo Kio,1
STN Segar,2
STN Pasir Ris,3
STN Yew Tee,4
80101,5
41079,6
STN Yishun,7
59009,8
42029,9
43499,10
84359,11
STN Serangoon,12
21199,13
70241,14
13089,15
54221,16
STN Clementi,17
28519,18
45421,19
67219,20
52509,21
41041,22
59089,23
64031,24
53389,25
43341,26
12129,27
76399,28
STN Sembawang,29
66059,30
64619,31
84349,32
19089,33
STN Bartley,34
62071,35
27361,36
14199,37
STN Admiralty,38
44201,39
46461,40
20299,41
46391,42
1329,43
66009,44
53051,45
46071,46
72069,47
22009,48
21619,49
70221,50
45321,51
51071,52
27391,53
65161,54
76059,55
54439,56
44009,57
28329,58
84039,59
28281,60
60159,61
STN Outram Park,62
46129,63
43349,64
10009,65
43701,66
18111,67
70301,68
81209,69
54059,70
STN Lavender,71
42299,72
52451,73
17079,74
98019,75
17179,76
55159,77
63051,78
52179,79
70039,80
14291,81
59281,82
67441,83
44531,84
28441,85
11031,86
21599,87
17009,88
54011,89
54181,90
54389,91
52009,92
84021,93
28491,94
76231,95
84511,96
STN Somerset,97
STN Potong Pasir,98
65261,99
75339,100
46669,101
64059,102
54281,103
21711,104
21699,105
20179,106
STN Hougang,107
67449,108
78071,109
75329,110
9022,111
44281,112
66389,113
43659,114
67369,115
40011,116
81181,117
60069,118
44239,119
67131,120
64369,121
66319,122
50161,123
92271,124
59201,125
STN Aljunied,126
43709,127
76081,128
75349,129
54589,130
27131,131
59129,132
STN Pioneer,133
65159,134
67121,135
60089,136
20291,137
76141,138
45009,139
21429,140
84501,141
22349,142
63301,143
63309,144
53059,145
84471,146
STN Toa Payoh,147
52209,148
77009,149
40231,150
51059,151
64421,152
76181,153
53279,154
27309,155
46651,156
52329,157
64021,158
10519,159
11499,160
70261,161
58359,162
STN Dover,163
60261,164
76099,165
53039,166
59051,167
67141,168
53149,169
10171,170
64579,171
10161,172
92061,173
54101,174
64009,175
59459,176
84069,177
67209,178
53271,179
63381,180
52201,181
63059,182
62051,183
77289,184
STN Tiong Bahru,185
92069,186
76369,187
44269,188
42229,189
54331,190
43431,191
STN Fajar,192
46329,193
46009,194
52031,195
14041,196
75009,197
27141,198
11161,199
59239,200
63261,201
70021,202
28079,203
59109,204
STN Woodlands,205
65009,206
63079,207
STN Kovan,208
84679,209
58351,210
67499,211
59008,212
76241,213
70381,214
77051,215
27301,216
58251,217
46281,218
66331,219
66439,220
54009,221
STN Pending,222
78241,223
27451,224
STN Tanah Merah,225
55509,226
84019,227
52339,228
21371,229
54019,230
55121,231
STN Kangkar,232
21611,233
44459,234
52189,235
STN Choa Chu Kang,236
9212,237
50159,238
76089,239
80031,240
76109,241
10089,242
70119,243
63389,244
42191,245
75121,246
78201,247
28561,248
70391,249
11401,250
70211,251
17189,252
46871,253
27419,254
75059,255
43839,256
43009,257
46831,258
27331,259
62059,260
84469,261
54371,262
46521,263
43681,264
67271,265
STN Commonwealth,266
20129,267
21431,268
70059,269
42051,270
76091,271
46619,272
10389,273
STN Bukit Gombak,274
66029,275
44689,276
84231,277
58299,278
84339,279
46649,280
STN Marsiling,281
54209,282
58349,283
44259,284
66339,285
59091,286
52429,287
STN Redhill,288
52369,289
64041,290
45411,291
93061,292
46691,293
78059,294
52109,295
STN Jelapang,296
60269,297
64411,298
43249,299
28511,300
66539,301
64361,302
70151,303
82009,304
22521,305
64051,306
43419,307
17269,308
22459,309
43189,310
46179,311
STN Tongkang,312
27369,313
64429,314
84061,315
76061,316
54329,317
92101,318
61101,319
66419,320
10241,321
78079,322
7211,323
STN Kembangan,324
43089,325
85091,326
13081,327
60121,328
54319,329
59209,330
83119,331
STN Sengkang,332
64101,333
83111,334
58409,335
55129,336
50349,337
10209,338
53129,339
65031,340
12031,341
21591,342
76429,343
84009,344
92249,345
52371,346
92071,347
84449,348
53009,349
93089,350
10599,351
46279,352
75279,353
98109,354
70191,355
20109,356
43059,357
STN Boon Lay,358
84109,359
55181,360
96189,361
84041,362
54489,363
44509,364
84401,365
70019,366
22249,367
21581,368
84491,369
5519,370
75071,371
76361,372
84341,373
70181,374
14389,375
44231,376
41049,377
21441,378
50249,379
22441,380
64611,381
STN Clarke Quay,382
64029,383
83301,384
64629,385
STN Lorong Chuan,386
STN Senja,387
46779,388
62141,389
52439,390
54481,391
20101,392
66411,393
52079,394
28431,395
50991,396
STN Chinatown,397
76071,398
58101,399
10041,400
14281,401
76221,402
51081,403
28081,404
STN South VIEW,405
40109,406
55171,407
STN Khatib,408
63299,409
44469,410
59369,411
STN Jurong East,412
STN Cove,413
53351,414
64601,415
67409,416
10181,417
46088,418
27279,419
43679,420
11059,421
21651,422
STN Harbour Front,423
84521,424
45401,425
84251,426
46241,427
54299,428
STN Paya Lebar,429
STN Kallang,430
78051,431
STN Meridian,432
1121,433
17171,434
53281,435
54261,436
55131,437
STN Bishan,438
64039,439
75231,440
55019,441
44569,442
75351,443
84059,444
64091,445
46441,446
43081,447
59161,448
43571,449
15229,450
66051,451
22499,452
11191,453
10399,454
14399,455
46851,456
52181,457
66309,458
56251,459
50321,460
77301,461
54199,462
78069,463
58321,464
42319,465
71101,466
92041,467
27401,468
28499,469
28621,470
10201,471
22239,472
59111,473
54239,474
21451,475
STN Bedok,476
82061,477
44289,478
STN Rumbia,479
43169,480
66551,481
64241,482
96259,483
12109,484
45271,485
67199,486
46661,487
84529,488
46761,489
14171,490
59441,491
67279,492
92131,493
76211,494
64359,495
28529,496
STN Newton,497
67171,498
81119,499
75079,500
59041,501
53239,502
52099,503
47501,504
72041,505
52089,506
46069,507
8031,508
14029,509
60229,510
67481,511
76189,512
STN Lakeside,513
96251,514
50021,515
84369,516
43371,517
80051,518
21419,519
28421,520
59073,521
7351,522
64621,523
78119,524
14279,525
14179,526
66021,527
92231,528
44149,529
53359,530
64389,531
STN Novena,532
44461,533
46811,534
82131,535
57121,536
66031,537
27479,538
60179,539
46439,540
42071,541
27359,542
22231,543
70051,544
84391,545
27341,546
50211,547
61099,548
63031,549
67009,550
92081,551
78169,552
65249,553
91049,554
65151,555
13119,556
20191,557
STN Tampines,558
43619,559
52341,560
72019,561
STN Kent Ridge,562
66489,563
82032,564
66381,565
63239,566
46629,567
21551,568
20281,569
STN Compassvale,570
43739,571
83081,572
59309,573
78101,574
67191,575
50169,576
70149,577
76139,578
46841,579
10179,580
43181,581
76079,582
STN Petir,583
76219,584
43831,585
42091,586
66481,587
28471,588
54031,589
71099,590
78109,591
1311,592
54081,593
46341,594
17141,595
52349,596
27351,597
STN Bakau,598
42061,599
76101,600
80229,601
STN MacPherson,602
10189,603
59061,604
46331,605
5013,606
43309,607
82081,608
17239,609
STN HarbourFront,610
STN Braddell,611
43811,612
76259,613
43019,614
52331,615
STN Yio Chu Kang,616
STN Punggol,617
64121,618
77169,619
59409,620
46969,621
10021,622
46771,623
53371,624
11009,625
52171,626
7111,627
44399,628
15221,629
STN Queenstown,630
22451,631
54399,632
84139,633
80049,634
83261,635
63139,636
54291,637
67609,638
64351,639
63349,640
11189,641
61039,642
STN Kadaloor,643
54248,644
67259,645
44641,646
54381,647
82049,648
92211,649
44539,650
67461,651
84269,652
STN Eunos,653
44439,654
STN Labrador Park,655
76121,656
2151,657
92241,658
28331,659
10369,660
11381,661
11221,662
11019,663
76329,664
72061,665
77359,666
STN Buangkok,667
44679,668
44529,669
46251,670
84029,671
59179,672
84641,673
17251,674
13051,675
76069,676
28389,677
59311,678
54229,679
20211,680
54349,681
84149,682
46551,683
67251,684
28639,685
78061,686
40051,687
1039,688
STN Farrer Road,689
67021,690
53299,691
46171,692
STN Renjong,693
10299,694
63011,695
58411,696
46008,697
14379,698
81111,699
67269,700
65221,701
60119,702
47599,703
27379,704
59249,705
62179,706
54321,707
46411,708
84381,709
STN Bugis,710
46291,711
59591,712
6129,713
78191,714
64469,715
20239,716
50038,717
20261,718
STN Dhoby Ghaut,719
82109,720
42151,721
78171,722
53381,723
10101,724
96169,725
77251,726
12131,727
43239,728
27159,729
57111,730
59581,731
51049,732
17061,733
71111,734
27271,735
70309,736
46109,737
46501,738
83341,739
11491,740
21561,741
7529,742
28541,743
84409,744
52039,745
58281,746
76459,747
58341,748
65061,749
28009,750
51019,751
21379,752
84329,753
11039,754
97129,755
76421,756
67241,757
52191,758
63069,759
64449,760
52321,761
20189,762
64341,763
50209,764
81169,765
14329,766
59511,767
44521,768
21391,769
54601,770
17119,771
59149,772
28401,773
63271,774
47561,775
46531,776
40069,777
43351,778
81089,779
42059,780
82079,781
77259,782
84191,783
44141,784
76269,785
63221,786
20209,787
18119,788
84221,789
84301,790
59211,791
72031,792
22599,793
64399,794
22519,795
42241,796
46449,797
STN Coral Edge,798
67299,799
84101,800
44621,801
66041,802
54269,803
55189,804
46611,805
46399,806
67329,807
59101,808
64461,809
60141,810
67139,811
77331,812
64011,813
47619,814
67011,815
81201,816
59391,817
14299,818
77049,819
43029,820
96299,821
54609,822
20059,823
43731,824
67601,825
42249,826
84229,827
52129,828
54411,829
82029,830
45139,831
67289,832
76359,833
67211,834
43449,835
52239,836
64129,837
44651,838
17259,839
82069,840
64111,841
95129,842
67511,843
11149,844
54471,845
STN Buona Vista,846
42159,847
84049,848
43579,849
59359,850
64609,851
10289,852
STN Tanjong Pagar,853
STN Ranggung,854
64119,855
46539,856
84629,857
97051,858
59079,859
94051,860
67341,861
12069,862
63359,863
17041,864
53221,865
21459,866
10199,867
1129,868
27099,869
75099,870
46219,871
63039,872
84671,873
65079,874
10081,875
28099,876
28539,877
10099,878
54351,879
54241,880
16019,881
75101,882
82011,883
16061,884
50239,885
59469,886
53061,887
43461,888
21421,889
43509,890
72011,891
43131,892
55109,893
59499,894
62139,895
93079,896
59072,897
19039,898
46789,899
21241,900
65021,901
57129,902
21559,903
11359,904
72021,905
28091,906
59139,907
44301,908
71139,909
64071,910
45351,911
28469,912
63279,913
14209,914
52279,915
52271,916
80279,917
81171,918
12021,919
41061,920
1319,921
67119,922
42169,923
65029,924
84569,925
63241,926
52081,927
77291,928
63249,929
60139,930
59449,931
76201,932
53391,933
54409,934
42111,935
43267,936
63361,937
66101,938
11141,939
44089,940
44251,941
81161,942
46971,943
11181,944
46659,945
STN Joo Koon,946
54231,947
54501,948
84209,949
76199,950
93129,951
28379,952
62149,953
STN Raffles Place,954
46999,955
27349,956
84631,957
27381,958
55119,959
54571,960
STN Orchard,961
76129,962
76209,963
10501,964
52059,965
75341,966
76281,967
STN Dakota,968
50231,969
42149,970
78151,971
55179,972
12139,973
59261,974
55141,975
67051,976
STN Damai,977
83299,978
STN Phoenix,979
14169,980
44491,981
41029,982
43161,983
84661,984
80069,985
84031,986
70121,987
28249,988
54579,989
59319,990
28521,991
92109,992
28391,993
53231,994
52051,995
58371,996
STN City Hall,997
STN Bukit Batok,998
STN Simei,999
46641,1000
65229,1001
14381,1002
98011,1003
83062,1004
84211,1005
70101,1006
58011,1007
44341,1008
46869,1009
70161,1010
64479,1011
46079,1012
STN Holland Village,1013
21249,1014
28279,1015
8111,1016
47571,1017
46379,1018
10119,1019
14221,1020
44699,1021
58291,1022
22591,1023
66421,1024
14161,1025
52131,1026
63269,1027
64491,1028
83101,1029
43541,1030
72029,1031
43481,1032
46349,1033
59429,1034
44451,1035
28251,1036
27469,1037
10169,1038
21449,1039
54189,1040
50119,1041
84051,1042
27439,1043
81129,1044
52361,1045
70231,1046
84131,1047
40091,1048
22361,1049
91099,1050
76191,1051
44611,1052
11169,1053
72079,1054
55149,1055
65039,1056
44471,1057
70171,1058
75159,1059
22529,1060
44299,1061
55309,1062
63089,1063
40021,1064
46191,1065
43549,1066
46879,1067
28461,1068
43801,1069
81051,1070
52419,1071
10109,1072
67261,1073
76111,1074
44219,1075
58229,1076
75081,1077
28509,1078
59241,1079
21601,1080
21161,1081
58259,1082
43401,1083
45311,1084
76131,1085
58419,1086
59069,1087
28301,1088
53399,1089
54191,1090
43259,1091
17069,1092
96121,1093
52021,1094
17221,1095
44261,1096
58249,1097
66549,1098
46621,1099
52351,1100
65241,1101
66391,1102
47601,1103
60099,1104
46689,1105
43491,1106
58119,1107
10071,1108
63391,1109
52291,1110
11119,1111
STN Bangkit,1112
43409,1113
10451,1114
19019,1115
21691,1116
83209,1117
28629,1118
21661,1119
63351,1120
64419,1121
77031,1122
11151,1123
STN Farrer Park,1124
21621,1125
51079,1126
85041,1127
17151,1128
81081,1129
STN Boon Keng,1130
76391,1131
99131,1132
28041,1133
STN Mountbatten,1134
56259,1135
58121,1136
63219,1137
54271,1138
96191,1139
46781,1140
3151,1141
44229,1142
41111,1143
43241,1144
65269,1145
59411,1146
17161,1147
40189,1148
64471,1149
58109,1150
84119,1151
55301,1152
22341,1153
46419,1154
17229,1155
54049,1156
10459,1157
46589,1158
43691,1159
21389,1160
27389,1161
STN Marymount,1162
58461,1163
64019,1164
65169,1165
54247,1166
11029,1167
7551,1168
46151,1169
44029,1170
27371,1171
22511,1172
28321,1173
52489,1174
STN Little India,1175
58489,1176
11179,1177
58219,1178
75089,1179
58289,1180
42301,1181
72071,1182
10379,1183
STN Teck Whye,1184
67359,1185
59419,1186
66541,1187
66491,1188
54419,1189
27411,1190
44121,1191
28649,1192
51069,1193
78081,1194
63211,1195
78131,1196
43741,1197
59381,1198
75359,1199
46369,1200
43279,1201
61011,1202
67389,1203
59119,1204
10231,1205
55139,1206
84479,1207
53379,1208
45339,1209
52221,1210
44791,1211
54311,1212
28459,1213
92119,1214
66359,1215
41019,1216
62129,1217
44071,1218
60051,1219
51089,1220
70031,1221
53349,1222
54289,1223
76351,1224
20039,1225
77361,1226
84411,1227
40089,1228
82141,1229
10309,1230
78209,1231
64381,1232
63041,1233
64481,1234
72049,1235
75139,1236
67611,1237
11199,1238
75281,1239
66301,1240
43501,1241
28339,1242
1112,1243
53369,1244
44329,1245
40279,1246
92059,1247
63021,1248
21609,1249
46861,1250
21409,1251
65171,1252
59521,1253
59339,1254
17149,1255
46271,1256
45309,1257
83169,1258
14229,1259
STN Tai Seng,1260
6051,1261
47569,1262
59401,1263
70049,1264
7011,1265
51139,1266
44209,1267
56021,1268
STN Fernvale,1269
85089,1270
63181,1271
50029,1272
65011,1273
43379,1274
66351,1275
54509,1276
54451,1277
76239,1278
10269,1279
STN Oasis,1280
62119,1281
46591,1282
52311,1283
45299,1284
11051,1285
46799,1286
67349,1287
66529,1288
70109,1289
46809,1290
46299,1291
28381,1292
16081,1293
46421,1294
64529,1295
43531,1296
11369,1297
62131,1298
41021,1299
66509,1300
57119,1301
44559,1302
17381,1303
67231,1304
6161,1305
67239,1306
57071,1307
28659,1308
59351,1309
44629,1310
63371,1311
52539,1312
67361,1313
84459,1314
STN Keat Hong,1315
59131,1316
67281,1317
45439,1318
43489,1319
78211,1320
77209,1321
28409,1322
10371,1323
43581,1324
43631,1325
46699,1326
67189,1327
43171,1328
50051,1329
84481,1330
67531,1331
84361,1332
71109,1333
27399,1334
96179,1335
44579,1336
14009,1337
76179,1338
63109,1339
83199,1340
77029,1341
60161,1342
83249,1343
40111,1344
66371,1345
77281,1346
44671,1347
44241,1348
78219,1349
21751,1350
41069,1351
27471,1352
53141,1353
76279,1354
44249,1355
10361,1356
STN Bras Basah,1357
75141,1358
46289,1359
76151,1360
62219,1361
84079,1362
43421,1363
28411,1364
84289,1365
75221,1366
43429,1367
59169,1368
98099,1369
80009,1370
59431,1371
77239,1372
60031,1373
21211,1374
76249,1375
11171,1376
67399,1377
13059,1378
59301,1379
96159,1380
58329,1381
85099,1382
63399,1383
70269,1384
14061,1385
13121,1386
53409,1387
53309,1388
74039,1389
53341,1390
46529,1391
46549,1392
62229,1393
64489,1394
43621,1395
81091,1396
71091,1397
58129,1398
78221,1399
44311,1400
27461,1401
67491,1402
46339,1403
53361,1404
STN Telok Blangah,1405
59291,1406
46199,1407
28071,1408
65019,1409
13191,1410
42199,1411
68029,1412
22411,1413
53219,1414
44059,1415
78139,1416
82119,1417
63341,1418
21689,1419
77201,1420
80091,1421
45361,1422
84619,1423
65041,1424
47589,1425
84331,1426
59231,1427
84321,1428
96079,1429
STN Esplanade,1430
45279,1431
97049,1432
84499,1433
77191,1434
22241,1435
45329,1436
59059,1437
84249,1438
63101,1439
58309,1440
66379,1441
67059,1442
11021,1443
47581,1444
STN Woodleigh,1445
51011,1446
54039,1447
78089,1448
22489,1449
81211,1450
23049,1451
61051,1452
20199,1453
77179,1454
63331,1455
17279,1456
54279,1457
53139,1458
28651,1459
92079,1460
75051,1461
46631,1462
59331,1463
70299,1464
83291,1465
52169,1466
52281,1467
45379,1468
46141,1469
98089,1470
11091,1471
STN Botanic Gardens,1472
44019,1473
52071,1474
58241,1475
10339,1476
83099,1477
41109,1478
78271,1479
44221,1480
96161,1481
56261,1482
75129,1483
42041,1484
54339,1485
21439,1486
92049,1487
64349,1488
82091,1489
46859,1490
50081,1491
5641,1492
70201,1493
59189,1494
46221,1495
82121,1496
54201,1497
65069,1498
44511,1499
STN Haw Par Villa,1500
28399,1501
11061,1502
63061,1503
65089,1504
43471,1505
75131,1506
65179,1507
92239,1508
59471,1509
53121,1510
53249,1511
22461,1512
17021,1513
17159,1514
94049,1515
75151,1516
17121,1517
77041,1518
17201,1519
66271,1520
28311,1521
59199,1522
4239,1523
64081,1524
11439,1525
12061,1526
22259,1527
53161,1528
67169,1529
STN one-north,1530
75149,1531
52069,1532
66511,1533
12101,1534
84691,1535
81069,1536
12071,1537
44291,1538
52409,1539
91091,1540
45249,1541
65059,1542
67079,1543
40099,1544
40101,1545
45399,1546
18049,1547
46769,1548
72081,1549
40181,1550
52441,1551
11231,1552
14049,1553
10151,1554
43519,1555
63229,1556
93071,1557
84071,1558
53189,1559
43389,1560
8041,1561
20011,1562
7589,1563
84151,1564
53191,1565
64109,1566
11271,1567
66499,1568
44271,1569
47611,1570
77171,1571
STN Chinese Garden,1572
67201,1573
28601,1574
42119,1575
96149,1576
43649,1577
44619,1578
1139,1579
64371,1580
46989,1581
42109,1582
46981,1583
54429,1584
20251,1585
28531,1586
50229,1587
83251,1588
57081,1589
20019,1590
61069,1591
44391,1592
42161,1593
11489,1594
67501,1595
10421,1596
7419,1597
44551,1598
STN Bukit Panjang,1599
43179,1600
44519,1601
44639,1602
59321,1603
81219,1604
54219,1605
16089,1606
12091,1607
63099,1608
59451,1609
78149,1610
84141,1611
67129,1612
47591,1613
21399,1614
21649,1615
28069,1616
20231,1617
58009,1618
84311,1619
64331,1620
20219,1621
94039,1622
81029,1623
70011,1624
62121,1625
41139,1626
58311,1627
10139,1628
43331,1629
10141,1630
80149,1631
64391,1632
28299,1633
43199,1634
STN Riviera,1635
19071,1636
84259,1637
67471,1638
11239,1639
43091,1640
63321,1641
7021,1642
59561,1643
92099,1644
92051,1645
17091,1646
4111,1647
46951,1648
41101,1649
11079,1650
53111,1651
28451,1652
53419,1653
77231,1654
76341,1655
61019,1656
77351,1657
11111,1658
14119,1659
93019,1660
28089,1661
60081,1662
76371,1663
94071,1664
66091,1665
77019,1666
52301,1667
43069,1668
67439,1669
54051,1670
6011,1671
43271,1672
53289,1673
67151,1674
77319,1675
11261,1676
82071,1677
STN Changi Airport,1678
93031,1679
45371,1680
44479,1681
52389,1682
10431,1683
75289,1684
77061,1685
83079,1686
55101,1687
96289,1688
64209,1689
65279,1690
11419,1691
43399,1692
5019,1693
STN Caldecott,1694
75269,1695
11041,1696
19099,1697
63311,1698
28641,1699
43669,1700
83151,1701
44279,1702
72089,1703
52381,1704
14031,1705
92089,1706
70281,1707
70271,1708
96101,1709
63291,1710
42211,1711
44321,1712
59141,1713
76311,1714
50031,1715
7371,1716
84219,1717
46371,1718
54341,1719
43191,1720
21671,1721
98091,1722
84621,1723
43321,1724
14269,1725
43231,1726
67379,1727
76449,1728
75241,1729
80071,1730
44821,1731
44659,1732
64441,1733
46111,1734
60191,1735
43749,1736
17019,1737
81031,1738
55111,1739
67181,1740
55151,1741
66291,1742
64551,1743
96109,1744
53329,1745
1229,1746
64499,1747
22501,1748
44211,1749
67351,1750
75249,1751
53159,1752
46509,1753
78181,1754
43439,1755
4168,1756
6169,1757
53169,1758
70111,1759
53259,1760
10291,1761
51051,1762
28061,1763
46681,1764
48131,1765
5039,1766
43301,1767
64231,1768
67109,1769
29021,1770
14271,1771
96181,1772
64201,1773
10079,1774
97031,1775
76401,1776
75251,1777
67301,1778
84241,1779
1113,1780
76289,1781
10381,1782
83029,1783
77309,1784
18141,1785
64519,1786
65201,1787
45359,1788
98069,1789
11159,1790
10349,1791
42031,1792
14249,1793
44499,1794
77339,1795
77059,1796
43329,1797
81189,1798
18129,1799
46979,1800
43821,1801
47579,1802
11511,1803
10111,1804
46791,1805
43261,1806
92221,1807
10261,1808
81149,1809
66531,1810
64379,1811
44811,1812
65289,1813
59501,1814
22449,1815
44819,1816
17219,1817
40239,1818
52139,1819
77011,1820
44489,1821
40119,1822
50199,1823
52401,1824
11361,1825
27321,1826
28481,1827
46351,1828
62031,1829
58111,1830
64249,1831
43041,1832
46581,1833
1211,1834
67101,1835
84579,1836
9169,1837
44381,1838
12121,1839
21569,1840
STN Kranji,1841
64541,1842
76051,1843
84489,1844
46471,1845
59461,1846
43611,1847
65071,1848
4142,1849
4179,1850
46189,1851
67489,1852
13109,1853
53321,1854
53241,1855
17379,1856
82099,1857
56269,1858
27109,1859
67159,1860
64339,1861
53401,1862
83159,1863
43809,1864
84701,1865
84601,1866
58211,1867
59379,1868
14241,1869
66099,1870
60199,1871
15191,1872
58391,1873
65049,1874
40071,1875
44139,1876
9048,1877
68051,1878
46321,1879
54401,1880
STN Bayfront,1881
63329,1882
94019,1883
42189,1884
66079,1885
50241,1886
76229,1887
STN Promenade,1888
43589,1889
14039,1890
70131,1891
64431,1892
83321,1893
17109,1894
67229,1895
46159,1896
44481,1897
96021,1898
28291,1899
42311,1900
93021,1901
21369,1902
44669,1903
22359,1904
8121,1905
53069,1906
14051,1907
41071,1908
70029,1909
19031,1910
84451,1911
67339,1912
45261,1913
46261,1914
14339,1915
17111,1916
85109,1917
10049,1918
6141,1919
92139,1920
54359,1921
78159,1922
55239,1923
42171,1924
75169,1925
53041,1926
9037,1927
64079,1928
11599,1929
93201,1930
52411,1931
40031,1932
12179,1933
54379,1934
96069,1935
16039,1936
77369,1937
58381,1938
59099,1939
10017,1940
43119,1941
7031,1942
27431,1943
11049,1944
21411,1945
STN Stadium,1946
67431,1947
64549,1948
54619,1949
45131,1950
17181,1951
44801,1952
93039,1953
45301,1954
44631,1955
95029,1956
84541,1957
94031,1958
55059,1959
46119,1960
57079,1961
14259,1962
56091,1963
9219,1964
60201,1965
57021,1966
14359,1967
10651,1968
54259,1969
10281,1970
92279,1971
44099,1972
98171,1973
46431,1974
84639,1975
75111,1976
75109,1977
52231,1978
63379,1979
71079,1980
53291,1981
17169,1982
43268,1983
1012,1984
96031,1985
78141,1986
77321,1987
93081,1988
50189,1989
98129,1990
43049,1991
82089,1992
19081,1993
55009,1994
44661,1995
28229,1996
43411,1997
21641,1998
20029,1999
77181,2000
76411,2001
83309,2002
10351,2003
52161,2004
92301,2005
3222,2006
82159,2007
66429,2008
76251,2009
22251,2010
75271,2011
46519,2012
7569,2013
76261,2014
10061,2015
40039,2016
11379,2017
77261,2018
45319,2019
27459,2020
5012,2021
20269,2022
54099,2023
11481,2024
10018,2025
19011,2026
67019,2027
22531,2028
59611,2029
28439,2030
10589,2031
21149,2032
85039,2033
93041,2034
5521,2035
10149,2036
43479,2037
71131,2038
83109,2039
40211,2040
27409,2041
44779,2042
58379,2043
52269,2044
10221,2045
55201,2046
98119,2047
16131,2048
80141,2049
45241,2050
95109,2051
10191,2052
64439,2053
43829,2054
54391,2055
90021,2056
16011,2057
7231,2058
93029,2059
60209,2060
59439,2061
27329,2062
5241,2063
5022,2064
5649,2065
42021,2066
43121,2067
44421,2068
46451,2069
77161,2070
14141,2071
4149,2072
4329,2073
81049,2074
77249,2075
84201,2076
44081,2077
19091,2078
66119,2079
28341,2080
81011,2081
75201,2082
46181,2083
17249,2084
63231,2085
84011,2086
68021,2087
54169,2088
76439,2089
59329,2090
5131,2091
84261,2092
71119,2093
63019,2094
92121,2095
85081,2096
46201,2097
43641,2098
40121,2099
96261,2100
42011,2101
44441,2102
22369,2103
75229,2104
44151,2105
42259,2106
10239,2107
17071,2108
84461,2109
63289,2110
57041,2111
92151,2112
10011,2113
52289,2114
10481,2115
66039,2116
3501,2117
59399,2118
75319,2119
93069,2120
77221,2121
52501,2122
53151,2123
46479,2124
14059,2125
47521,2126
63319,2127
92179,2128
56029,2129
11351,2130
59251,2131
62169,2132
76461,2133
15041,2134
84421,2135
20171,2136
6171,2137
61089,2138
46249,2139
70291,2140
84681,2141
40041,2142
83329,2143
43071,2144
53211,2145
44129,2146
67111,2147
46429,2148
46361,2149
76301,2150
44799,2151
52149,2152
11349,2153
46679,2154
8138,2155
8057,2156
76389,2157
18071,2158
76161,2159
61041,2160
47609,2161
59049,2162
12039,2163
54659,2164
76339,2165
63049,2166
43539,2167
18101,2168
59081,2169
83059,2170
77129,2171
46571,2172
96151,2173
28631,2174
84419,2175
22351,2176
4339,2177
6029,2178
54091,2179
16189,2180
66349,2181
61061,2182
11451,2183
10429,2184
43139,2185
58049,2186
58019,2187
68019,2188
28501,2189
43841,2190
47511,2191
44449,2192
53021,2193
96269,2194
78229,2195
44169,2196
67321,2197
20201,2198
44041,2199
77071,2200
55209,2201
9059,2202
54211,2203
58279,2204
1059,2205
28571,2206
59601,2207
68119,2208
63169,2209
46511,2210
54309,2211
67089,2212
52261,2213
75069,2214
46671,2215
54531,2216
11139,2217
6069,2218
42049,2219
66109,2220
75061,2221
81099,2222
50301,2223
59171,2224
20149,2225
42089,2226
92141,2227
70251,2228
84549,2229
64061,2230
84199,2231
50019,2232
84081,2233
62171,2234
66361,2235
57089,2236
16151,2237
43381,2238
60211,2239
55269,2240
81159,2241
67381,2242
60039,2243
60061,2244
64571,2245
66311,2246
45269,2247
7319,2248
72051,2249
64049,2250
13139,2251
75379,2252
53029,2253
46561,2254
40129,2255
STN Expo,2256
43011,2257
10091,2258
9141,2259
41011,2260
52251,2261
51131,2262
67571,2263
99039,2264
80319,2265
66409,2266
97059,2267
21589,2268
45061,2269
67249,2270
63179,2271
4222,2272
21779,2273
47539,2274
80289,2275
70069,2276
44501,2277
2049,2278
83351,2279
92229,2280
47551,2281
17051,2282
43441,2283
4249,2284
92159,2285
94011,2286
52319,2287
66149,2288
96281,2289
84649,2290
77219,2291
STN Pasir Panjang,2292
77269,2293
62079,2294
9038,2295
1621,2296
82129,2297
54449,2298
5419,2299
63159,2300
81139,2301
13062,2302
84319,2303
63209,2304
1019,2305
54459,2306
45291,2307
51119,2308
13029,2309
76271,2310
59159,2311
55031,2312
42181,2313
9023,2314
98029,2315
58481,2316
44111,2317
76119,2318
93139,2319
53049,2320
17371,2321
60221,2322
91041,2323
66461,2324
67221,2325
40049,2326
54079,2327
40019,2328
28031,2329
76159,2330
66089,2331
59481,2332
77119,2333
67179,2334
12079,2335
64239,2336
54251,2337
44371,2338
11299,2339
21669,2340
21719,2341
7571,2342
64321,2343
42201,2344
55081,2345
96129,2346
54041,2347
83049,2348
28231,2349
17289,2350
63281,2351
92111,2352
42129,2353
6131,2354
5189,2355
12119,2356
65281,2357
53251,2358
84239,2359
20169,2360
54469,2361
11269,2362
78129,2363
40271,2364
17101,2365
3511,2366
40081,2367
44051,2368
43051,2369
45231,2370
42309,2371
54061,2372
43289,2373
14131,2374
58389,2375
60219,2376
52529,2377
52309,2378
50129,2379
66049,2380
55041,2381
46639,2382
13099,2383
59229,2384
50041,2385
83139,2386
54441,2387
61009,2388
59259,2389
12041,2390
14121,2391
63081,2392
43201,2393
54611,2394
75299,2395
85059,2396
64319,2397
44331,2398
84281,2399
14489,2400
10449,2401
20161,2402
84379,2403
4167,2404
5631,2405
96059,2406
44691,2407
93131,2408
57131,2409
76171,2410
42231,2411
60101,2412
45349,2413
92161,2414
27241,2415
77139,2416
83311,2417
59619,2418
STN Farmway,2419
10359,2420
98101,2421
27209,2422
46359,2423
71089,2424
17059,2425
64521,2426
62041,2427
50179,2428
9179,2429
46569,2430
41159,2431
54301,2432
4121,2433
46821,2434
78111,2435
78121,2436
55089,2437
84351,2438
57061,2439
92181,2440
STN Nicoll Highway,2441
50011,2442
80119,2443
58271,2444
50201,2445
66131,2446
13201,2447
53131,2448
63191,2449
75219,2450
83011,2451
21361,2452
11519,2453
92219,2454
62011,2455
63369,2456
84111,2457
43361,2458
80231,2459
28681,2460
67331,2461
96061,2462
10131,2463
63071,2464
46469,2465
28691,2466
61029,2467
46459,2468
59031,2469
98049,2470
76149,2471
43021,2472
STN Ten Mile Junctio,2473
21639,2474
21229,2475
44601,2476
71069,2477
43221,2478
44609,2479
52481,2480
82221,2481
96141,2482
6049,2483
13011,2484
58099,2485
59389,2486
63131,2487
91081,2488
46211,2489
41089,2490
85031,2491
28551,2492
43699,2493
54621,2494
77069,2495
18329,2496
84371,2497
27449,2498
52199,2499
67071,2500
84129,2501
67039,2502
77241,2503
61049,2504
28159,2505
50351,2506
2031,2507
46149,2508
17191,2509
70259,2510
50059,2511
71161,2512
14471,2513
76169,2514
66181,2515
46401,2516
60181,2517
51099,2518
65231,2519
84089,2520
96131,2521
62111,2522
84559,2523
50121,2524
7369,2525
13091,2526
64309,2527
77021,2528
70091,2529
54071,2530
52359,2531
41119,2532
17241,2533
59269,2534
99049,2535
1013,2536
14129,2537
6081,2538
66261,2539
77199,2540
55011,2541
81151,2542
45389,2543
77271,2544
53261,2545
48021,2546
1421,2547
44079,2548
STN Layar,2549
7329,2550
77279,2551
57029,2552
46579,2553
93121,2554
20181,2555
59551,2556
55021,2557
64561,2558
54109,2559
17031,2560
77329,2561
4189,2562
12051,2563
65271,2564
93091,2565
10329,2566
70139,2567
11109,2568
54539,2569
63091,2570
5411,2571
81179,2572
46319,2573
77079,2574
53079,2575
13069,2576
76349,2577
17049,2578
7331,2579
52399,2580
64329,2581
18149,2582
58331,2583
67629,2584
28139,2585
42179,2586
11521,2587
46409,2588
54161,2589
43459,2590
6039,2591
72039,2592
18079,2593
15149,2594
45251,2595
62049,2596
91089,2597
10341,2598
43561,2599
58421,2600
78161,2601
16109,2602
45369,2603
85021,2604
56031,2605
76469,2606
14239,2607
59219,2608
20141,2609
20289,2610
18121,2611
59271,2612
28581,2613
43311,2614
11409,2615
47549,2616
56039,2617
19041,2618
21279,2619
83121,2620
43671,2621
5199,2622
3211,2623
81141,2624
75239,2625
21571,2626
42221,2627
41129,2628
97039,2629
28131,2630
76409,2631
59181,2632
15071,2633
75311,2634
11071,2635
10439,2636
43061,2637
94079,2638
21579,2639
40079,2640
54089,2641
92209,2642
43129,2643
55079,2644
58221,2645
44541,2646
82033,2647
53071,2648
66521,2649
82139,2650
52449,2651
92201,2652
67509,2653
97209,2654
55169,2655
9131,2656
85019,2657
56019,2658
84669,2659
7359,2660
67291,2661
63201,2662
21189,2663
76419,2664
70279,2665
82151,2666
68111,2667
83129,2668
44411,2669
92169,2670
62221,2671
54581,2672
7539,2673
84609,2674
28289,2675
67539,2676
96011,2677
97041,2678
51029,2679
58319,2680
94069,2681
11331,2682
5239,2683
71081,2684
16201,2685
9111,2686
64069,2687
52391,2688
20151,2689
20259,2690
67569,2691
96209,2692
97109,2693
77211,2694
10401,2695
59121,2696
43521,2697
43111,2698
43819,2699
50221,2700
2101,2701
6031,2702
50089,2703
80109,2704
62089,2705
14219,2706
10331,2707
95159,2708
14139,2709
67401,2710
46019,2711
45039,2712
1511,2713
70129,2714
12201,2715
52019,2716
12089,2717
43391,2718
43109,2719
27251,2720
92189,2721
58301,2722
8069,2723
78231,2724
93099,2725
10489,2726
5271,2727
43251,2728
50037,2729
61021,2730
66329,2731
80239,2732
93011,2733
62029,2734
13199,2735
65239,2736
94059,2737
23499,2738
10059,2739
92171,2740
13019,2741
47559,2742
11069,2743
41121,2744
91079,2745
77039,2746
21231,2747
14309,2748
94041,2749
43629,2750
91069,2751
63149,2752
51091,2753
85069,2754
7517,2755
64509,2756
54461,2757
58499,2758
67309,2759
45259,2760
77349,2761
70041,2762
5023,2763
67081,2764
80169,2765
1119,2766
44131,2767
91071,2768
16021,2769
44379,2770
22559,2771
76291,2772
96291,2773
44091,2774
44021,2775
17131,2776
15141,2777
9139,2778
11101,2779
12199,2780
97019,2781
67469,2782
21381,2783
7221,2784
21209,2785
27041,2786
71169,2787
46541,2788
67161,2789
43451,2790
42209,2791
57069,2792
18131,2793
1411,2794
65141,2795
20139,2796
17139,2797
11291,2798
50171,2799
44069,2800
51111,2801
66471,2802
44109,2803
94029,2804
68039,2805
53199,2806
57031,2807
53179,2808
42131,2809
11449,2810
14151,2811
64301,2812
77311,2813
14021,2814
59349,2815
62039,2816
13039,2817
90079,2818
59191,2819
15169,2820
9159,2821
17331,2822
66431,2823
80111,2824
40179,2825
17311,2826
4211,2827
81131,2828
16179,2829
16059,2830
66479,2831
46121,2832
71151,2833
8079,2834
11089,2835
21659,2836
14319,2837
52159,2838
40201,2839
99129,2840
43529,2841
46489,2842
80089,2843
96139,2844
67529,2845
85071,2846
50069,2847
59529,2848
67041,2849
1611,2850
66129,2851
44771,2852
18011,2853
16071,2854
42039,2855
53011,2856
19021,2857
56201,2858
12029,2859
13141,2860
67371,2861
14109,2862
21239,2863
1631,2864
59039,2865
11531,2866
46229,2867
54479,2868
9213,2869
10271,2870
44409,2871
60021,2872
28319,2873
66141,2874
43229,2875
20271,2876
47541,2877
18309,2878
21631,2879
22481,2880
7531,2881
58201,2882
7379,2883
71061,2884
46209,2885
67621,2886
55199,2887
15139,2888
59579,2889
67521,2890
10659,2891
63199,2892
58059,2893
14231,2894
98111,2895
66519,2896
58401,2897
62161,2898
40209,2899
96099,2900
44011,2901
41031,2902
12059,2903
52299,2904
41051,2905
10051,2906
9011,2907
84709,2908
1559,2909
46301,2910
11579,2911
5049,2912
46559,2913
82179,2914
11471,2915
46499,2916
43469,2917
2051,2918
82181,2919
81229,2920
46491,2921
54069,2922
42219,2923
83319,2924
4143,2925
97119,2926
80249,2927
59569,2928
82149,2929
55249,2930
63029,2931
66139,2932
11459,2933
1029,2934
70061,2935
46091,2936
63189,2937
66369,2938
63339,2939
28611,2940
52559,2941
28221,2942
10229,2943
62019,2944
6071,2945
17039,2946
66321,2947
11429,2948
19051,2949
13041,2950
11099,2951
93049,2952
77341,2953
83361,2954
21089,2955
43151,2956
10419,2957
10319,2958
96019,2959
92149,2960
72059,2961
4229,2962
17329,2963
84159,2964
43511,2965
71141,2966
11279,2967
66071,2968
75161,2969
11529,2970
77141,2971
51021,2972
91059,2973
82231,2974
67451,2975
28261,2976
96049,2977
28259,2978
63161,2979
27211,2980
44389,2981
91061,2982
47621,2983
54651,2984
83279,2985
93059,2986
40219,2987
60059,2988
2061,2989
17011,2990
21171,2991
85079,2992
53269,2993
92129,2994
96229,2995
59421,2996
94021,2997
27231,2998
50071,2999
78269,3000
66019,3001
99009,3002
3011,3003
47019,3004
50331,3005
14349,3006
45101,3007
97121,3008
27101,3009
66171,3010
58061,3011
16009,3012
42291,3013
85101,3014
66191,3015
62061,3016
10391,3017
67391,3018
52061,3019
83219,3020
55371,3021
80251,3022
15091,3023
22331,3024
3217,3025
52141,3026
67419,3027
11081,3028
11201,3029
8058,3030
46719,3031
40029,3032
71071,3033
44101,3034
1231,3035
11609,3036
45029,3037
46709,3038
14159,3039
11339,3040
66111,3041
66399,3042
21219,3043
40059,3044
96071,3045
80161,3046
85049,3047
45069,3048
96201,3049
45011,3050
78279,3051
5269,3052
94009,3053
83181,3054
44829,3055
3021,3056
28021,3057
66459,3058
43779,3059
22181,3060
10039,3061
58089,3062
80151,3063
46749,3064
83269,3065
46741,3066
4331,3067
65209,3068
66401,3069
97011,3070
61031,3071
96199,3072
12189,3073
56051,3074
55029,3075
21679,3076
67541,3077
82229,3078
53099,3079
27091,3080
42239,3081
81109,3082
10311,3083
44809,3084
80259,3085
16031,3086
22191,3087
83331,3088
STN Marina Bay,3089
80029,3090
58361,3091
30041,3092
52479,3093
68011,3094
55049,3095
31039,3096
16079,3097
53201,3098
20309,3099
46011,3100
47079,3101
15051,3102
51101,3103
12099,3104
70341,3105
46941,3106
96241,3107
45031,3108
3111,3109
53229,3110
3381,3111
13063,3112
1419,3113
51039,3114
10279,3115
50079,3116
96039,3117
16099,3118
46269,3119
3071,3120
3129,3121
1219,3122
51041,3123
67459,3124
3031,3125
66341,3126
24341,3127
44049,3128
96119,3129
14201,3130
70141,3131
3509,3132
11589,3133
60011,3134
14071,3135
2111,3136
28101,3137
1429,3138
91051,3139
15049,3140
49199,3141
18109,3142
13101,3143
18279,3144
16169,3145
46801,3146
80159,3147
27261,3148
65139,3149
46059,3150
98041,3151
15219,3152
40261,3153
85061,3154
53339,3155
2011,3156
42019,3157
15121,3158
53019,3159
20021,3160
29111,3161
52029,3162
18029,3163
57059,3164
6151,3165
12169,3166
95041,3167
58069,3168
29099,3169
95069,3170
56059,3171
3059,3172
93199,3173
14069,3174
64229,3175
15111,3176
24049,3177
96111,3178
5029,3179
10069,3180
9121,3181
17129,3182
28689,3183
10249,3184
1629,3185
55051,3186
43319,3187
28671,3188
47069,3189
16149,3190
9149,3191
95051,3192
55219,3193
6159,3194
58179,3195
21069,3196
47809,3197
11441,3198
22171,3199
16069,3200
71181,3201
70099,3202
16091,3203
27199,3204
27121,3205
66451,3206
31091,3207
47059,3208
55259,3209
98209,3210
95049,3211
23099,3212
93101,3213
4311,3214
30049,3215
5651,3216
21099,3217
14191,3218
11219,3219
10321,3220
16041,3221
22469,3222
2029,3223
16249,3224
22401,3225
28039,3226
55071,3227
97079,3228
55381,3229
4251,3230
31079,3231
97089,3232
78091,3233
27311,3234
55351,3235
1549,3236
17029,3237
18041,3238
15059,3239
23221,3240
3218,3241
44119,3242
3223,3243
13079,3244
3419,3245
2161,3246
66251,3247
27069,3248
81101,3249
47051,3250
2119,3251
5421,3252
23439,3253
8137,3254
71149,3255
41081,3256
22071,3257
70081,3258
16141,3259
98139,3260
29101,3261
1519,3262
17319,3263
23489,3264
28029,3265
22039,3266
4151,3267
16049,3268
1529,3269
4321,3270
21169,3271
56209,3272
62239,3273
45071,3274
75361,3275
81191,3276
19079,3277
27221,3278
16231,3279
10411,3280
27441,3281
47091,3282
27051,3283
75291,3284
55039,3285
98229,3286
20089,3287
8019,3288
66211,3289
71179,3290
16121,3291
71191,3292
27219,3293
24581,3294
58151,3295
6189,3296
46711,3297
83201,3298
67479,3299
27281,3300
11341,3301
19059,3302
57139,3303
43719,3304
1521,3305
48141,3306
14011,3307
99041,3308
22271,3309
21079,3310
13021,3311
28049,3312
71201,3313
15159,3314
16029,3315
18269,3316
9047,3317
98239,3318
96219,3319
70089,3320
7361,3321
53081,3322
12209,3323
63141,3324
31031,3325
49181,3326
71051,3327
66061,3328
24289,3329
55319,3330
40171,3331
68049,3332
95131,3333
24599,3334
58439,3335
90069,3336
17099,3337
84309,3338
25161,3339
23081,3340
47061,3341
2171,3342
13071,3343
58209,3344
58141,3345
23461,3346
64311,3347
11551,3348
25339,3349
12211,3350
95149,3351
20121,3352
21179,3353
9191,3354
25101,3355
3019,3356
95139,3357
15161,3358
43209,3359
47821,3360
12049,3361
12081,3362
15151,3363
80309,3364
18319,3365
15201,3366
1339,3367
40221,3368
15079,3369
28369,3370
17369,3371
30089,3372
40199,3373
3519,3374
21291,3375
11211,3376
18331,3377
50111,3378
71209,3379
21041,3380
24541,3381
62241,3382
95019,3383
57039,3384
59279,3385
94089,3386
95099,3387
45079,3388
28679,3389
52151,3390
27011,3391
5059,3392
3041,3393
29011,3394
14101,3395
55349,3396
67411,3397
50191,3398
30011,3399
11209,3400
92091,3401
13159,3402
17339,3403
75259,3404
55339,3405
13181,3406
13209,3407
47099,3408
90031,3409
61079,3410
25361,3411
47049,3412
1341,3413
43219,3414
3311,3415
26461,3416
83281,3417
70289,3418
47089,3419
71159,3420
50251,3421
19069,3422
42139,3423
73019,3424
4223,3425
66081,3426
94061,3427
60071,3428
56191,3429
22419,3430
83189,3431
96051,3432
98059,3433
21141,3434
22141,3435
22011,3436
83171,3437
45221,3438
8011,3439
81199,3440
77081,3441
16199,3442
90061,3443
66011,3444
20031,3445
50061,3446
62081,3447
63151,3448
18221,3449
17321,3450
56099,3451
22019,3452
54369,3453
21321,3454
50049,3455
85051,3456
68031,3457
5259,3458
56249,3459
16159,3460
80039,3461
11229,3462
95079,3463
62109,3464
83229,3465
29071,3466
71021,3467
15199,3468
10301,3469
1541,3470
85029,3471
28361,3472
28239,3473
80191,3474
90011,3475
56199,3476
25091,3477
97111,3478
99181,3479
28011,3480
55229,3481
53171,3482
22151,3483
46921,3484
92309,3485
28269,3486
65119,3487
5629,3488
7561,3489
17389,3490
70329,3491
25221,3492
19049,3493
2089,3494
21499,3495
46389,3496
58161,3497
54491,3498
71059,3499
24331,3500
21471,3501
15211,3502
12149,3503
97061,3504
21019,3505
58459,3506
65091,3507
96081,3508
64219,3509
47041,3510
67049,3511
13031,3512
20061,3513
19029,3514
68059,3515
45209,3516
18199,3517
20329,3518
46309,3519
45021,3520
46911,3521
46901,3522
28189,3523
15131,3524
47179,3525
11541,3526
26331,3527
97179,3528
97189,3529
31159,3530
29059,3531
30021,3532
24539,3533
21261,3534
28709,3535
41131,3536
98039,3537
21491,3538
34109,3539
32039,3540
40229,3541
95061,3542
54641,3543
90019,3544
24089,3545
23251,3546
12141,3547
26131,3548
25379,3549
46881,3550
28271,3551
44351,3552
26241,3553
14211,3554
24209,3555
96041,3556
22431,3557
46931,3558
28019,3559
98219,3560
58509,3561
58181,3562
21071,3563
80011,3564
48111,3565
25349,3566
95141,3567
18089,3568
7518,3569
28699,3570
21301,3571
68149,3572
16209,3573
14189,3574
47071,3575
33049,3576
47829,3577
11281,3578
5429,3579
49019,3580
84431,3581
24431,3582
20051,3583
53089,3584
25151,3585
26129,3586
18061,3587
14369,3588
59221,3589
23201,3590
13179,3591
44159,3592
71029,3593
26261,3594
28591,3595
99079,3596
46721,3597
43771,3598
57019,3599
26109,3600
46729,3601
23189,3602
43599,3603
28351,3604
58199,3605
22161,3606
28181,3607
24349,3608
5129,3609
47151,3610
84279,3611
54591,3612
45049,3613
47119,3614
24269,3615
75371,3616
47109,3617
16051,3618
18019,3619
21519,3620
11319,3621
STN Thanggam,3622
46029,3623
28119,3624
4159,3625
3329,3626
21529,3627
28241,3628
77101,3629
25111,3630
55261,3631
31169,3632
71011,3633
67069,3634
43291,3635
22061,3636
67519,3637
53331,3638
70349,3639
26111,3640
23131,3641
77109,3642
28669,3643
29049,3644
40249,3645
24629,3646
45059,3647
41141,3648
97069,3649
24529,3650
31151,3651
29089,3652
47111,3653
45129,3654
81231,3655
46161,3656
93051,3657
26069,3658
21469,3659
46891,3660
1239,3661
58021,3662
20341,3663
30039,3664
97171,3665
29029,3666
73039,3667
24351,3668
17211,3669
22229,3670
24549,3671
55241,3672
26429,3673
22221,3674
90051,3675
21011,3676
57049,3677
17361,3678
23491,3679
98081,3680
21311,3681
71041,3682
22189,3683
21461,3684
96271,3685
53181,3686
21511,3687
84589,3688
16119,3689
98199,3690
15209,3691
99031,3692
71189,3693
26141,3694
48011,3695
22319,3696
58171,3697
60029,3698
20331,3699
73041,3700
98079,3701
26349,3702
41149,3703
26161,3704
55361,3705
22029,3706
97071,3707
83031,3708
54499,3709
84121,3710
56069,3711
23241,3712
7249,3713
29031,3714
6149,3715
23109,3716
99119,3717
55231,3718
27179,3719
21539,3720
23171,3721
25511,3722
28661,3723
20131,3724
40191,3725
45449,3726
49151,3727
21121,3728
57051,3729
46481,3730
24519,3731
26279,3732
58091,3733
27189,3734
49131,3735
25209,3736
49059,3737
16221,3738
21481,3739
22471,3740
24129,3741
23389,3742
75261,3743
93111,3744
25121,3745
82111,3746
66069,3747
62249,3748
20319,3749
24029,3750
24671,3751
23181,3752
27291,3753
22179,3754
98021,3755
20069,3756
29091,3757
75369,3758
46731,3759
34059,3760
45091,3761
70311,3762
73031,3763
20159,3764
29149,3765
31049,3766
23261,3767
24619,3768
23271,3769
1109,3770
44199,3771
22081,3772
23301,3773
47101,3774
84439,3775
23249,3776
23379,3777
30019,3778
52499,3779
25471,3780
23471,3781
98061,3782
24381,3783
43159,3784
54529,3785
26269,3786
26171,3787
25419,3788
23101,3789
23089,3790
25359,3791
95151,3792
23231,3793
21029,3794
43781,3795
30091,3796
3531,3797
55311,3798
18239,3799
3391,3800
47801,3801
3349,3802
25501,3803
64149,3804
45081,3805
28141,3806
47629,3807
52011,3808
22051,3809
26121,3810
23481,3811
21331,3812
42141,3813
23441,3814
64211,3815
43211,3816
21479,3817
64189,3818
99029,3819
43789,3820
26441,3821
29119,3822
84599,3823
71219,3824
16111,3825
24461,3826
29081,3827
81221,3828
54519,3829
2149,3830
24279,3831
26251,3832
75039,3833
26151,3834
21359,3835
84591,3836
98181,3837
68131,3838
23079,3839
97169,3840
68069,3841
18081,3842
45161,3843
25411,3844
22391,3845
47081,3846
23139,3847
21501,3848
49129,3849
49029,3850
15099,3851
23321,3852
24641,3853
83131,3854
90029,3855
49051,3856
54599,3857
44549,3858
49079,3859
26079,3860
45041,3861
55329,3862
21319,3863
54631,3864
73049,3865
25389,3866
23371,3867
18209,3868
18249,3869
26221,3870
22169,3871
45169,3872
11301,3873
64409,3874
98031,3875
49189,3876
58029,3877
48019,3878
13171,3879
11329,3880
59029,3881
26369,3882
11539,3883
25171,3884
47819,3885
28349,3886
26311,3887
83381,3888
24651,3889
25329,3890
28449,3891
65111,3892
29139,3893
24159,3894
24239,3895
25421,3896
49011,3897
3539,3898
32109,3899
21109,3900
56289,3901
22421,3902
24229,3903
70071,3904
57011,3905
67029,3906
27031,3907
24531,3908
24631,3909
21181,3910
21681,3911
58191,3912
46049,3913
24219,3914
23419,3915
23019,3916
70321,3917
26389,3918
27169,3919
26031,3920
21159,3921
29121,3922
23119,3923
24339,3924
95039,3925
7241,3926
97159,3927
97081,3928
54511,3929
49159,3930
98149,3931
21259,3932
28051,3933
60019,3934
53319,3935
53209,3936
32089,3937
66201,3938
25191,3939
23239,3940
98121,3941
47039,3942
22329,3943
48149,3944
74029,3945
49171,3946
18039,3947
45051,3948
18339,3949
22541,3950
99109,3951
59559,3952
80211,3953
98231,3954
71229,3955
66599,3956
66151,3957
18311,3958
25181,3959
26099,3960
21629,3961
30081,3962
2181,3963
46381,3964
3321,3965
23051,3966
23211,3967
58369,3968
64401,3969
16229,3970
46051,3971
17429,3972
70079,3973
24691,3974
11309,3975
74021,3976
45229,3977
64181,3978
1619,3979
44061,3980
94099,3981
17351,3982
20241,3983
68099,3984
22479,3985
58149,3986
21541,3987
22289,3988
18059,3989
51109,3990
3369,3991
68159,3992
23041,3993
23159,3994
26419,3995
16239,3996
17309,3997
80299,3998
21509,3999
55341,4000
49021,4001
23451,4002
16171,4003
28359,4004
56241,4005
21151,4006
23129,4007
24499,4008
58449,4009
24169,4010
96171,4011
71031,4012
15189,4013
26379,4014
23311,4015
21759,4016
58071,4017
18321,4018
21771,4019
11311,4020
83179,4021
25079,4022
24679,4023
97149,4024
45121,4025
2099,4026
71211,4027
96231,4028
55279,4029
58169,4030
25069,4031
23169,4032
96089,4033
25491,4034
44179,4035
97099,4036
44161,4037
55221,4038
26021,4039
83141,4040
22551,4041
49119,4042
46169,4043
18301,4044
31089,4045
43639,4046
23341,4047
49039,4048
80269,4049
34049,4050
29129,4051
55271,4052
28309,4053
66221,4054
75031,4055
53091,4056
29039,4057
71171,4058
25431,4059
16241,4060
23409,4061
22549,4062
28059,4063
68109,4064
21531,4065
24411,4066
5319,4067
78261,4068
26399,4069
60079,4070
21349,4071
93149,4072
29041,4073
22309,4074
47811,4075
32119,4076
31191,4077
13189,4078
48119,4079
13049,4080
23431,4081
45179,4082
83191,4083
24299,4084
24601,4085
26201,4086
82171,4087
21489,4088
48029,4089
56061,4090
78099,4091
64131,4092
24451,4093
23331,4094
21761,4095
49049,4096
67061,4097
32101,4098
56041,4099
24179,4100
49031,4101
23111,4102
77189,4103
58159,4104
64221,4105
18021,4106
58139,4107
2169,4108
74049,4109
21049,4110
80291,4111
23011,4112
18159,4113
55289,4114
99189,4115
65101,4116
58479,4117
52259,4118
55251,4119
97151,4120
67579,4121
46131,4122
24199,4123
28169,4124
51031,4125
21329,4126
49041,4127
21351,4128
4219,4129
83231,4130
19061,4131
16101,4132
43721,4133
80219,4134
29019,4135
23059,4136
25269,4137
46021,4138
18189,4139
68129,4140
62151,4141
24571,4142
31059,4143
21021,4144
96221,4145
22299,4146
13169,4147
49111,4148
22219,4149
31069,4150
26049,4151
24681,4152
24189,4153
22539,4154
58079,4155
99081,4156
95011,4157
24559,4158
22089,4159
58451,4160
34009,4161
21201,4162
45109,4163
25391,4164
25451,4165
45119,4166
56071,4167
11289,4168
24441,4169
84611,4170
10441,4171
49089,4172
23429,4173
11561,4174
99101,4175
49141,4176
28109,4177
2159,4178
32031,4179
26451,4180
76319,4181
16181,4182
2141,4183
17301,4184
93119,4185
98151,4186
28129,4187
83063,4188
56049,4189
29069,4190
58051,4191
24621,4192
70361,4193
83149,4194
46041,4195
49149,4196
21521,4197
46311,4198
44361,4199
64559,4200
49061,4201
77131,4202
18191,4203
30029,4204
70359,4205
62091,4206
18051,4207
18151,4208
78259,4209
25199,4210
58501,4211
23509,4212
50261,4213
12111,4214
74041,4215
55331,4216
49071,4217
7509,4218
14019,4219
64151,4220
34029,4221
99021,4222
98161,4223
77099,4224
45159,4225
16161,4226
23469,4227
47029,4228
27021,4229
25009,4230
26089,4231
23361,4232
70319,4233
23039,4234
21341,4235
78251,4236
64159,4237
21269,4238
67549,4239
21271,4240
23121,4241
68141,4242
26289,4243
34031,4244
58041,4245
30031,4246
66121,4247
23399,4248
45099,4249
17359,4250
14089,4251
23381,4252
84271,4253
3339,4254
28701,4255
21251,4256
25461,4257
27129,4258
29109,4259
43569,4260
23369,4261
23179,4262
99099,4263
18211,4264
58189,4265
47011,4266
62069,4267
97181,4268
64199,4269
24301,4270
26249,4271
24639,4272
26211,4273
49139,4274
24139,4275
58131,4276
23191,4277
98071,4278
67619,4279
18069,4280
48121,4281
23149,4282
68169,4283
24391,4284
21191,4285
48071,4286
99019,4287
56081,4288
3371,4289
34039,4290
46139,4291
23069,4292
24401,4293
22399,4294
48051,4295
29051,4296
96029,4297
25201,4298
20081,4299
65099,4300
21549,4301
62159,4302
44721,4303
44369,4304
31061,4305
45441,4306
53311,4307
30051,4308
83271,4309
11321,4310
71221,4311
77089,4312
83371,4313
97141,4314
30099,4315
47131,4316
48041,4317
3239,4318
17291,4319
25231,4320
47199,4321
28111,4322
91151,4323
66231,4324
23281,4325
31051,4326
97201,4327
59021,4328
43761,4329
91141,4330
49121,4331
98051,4332
24019,4333
23269,4334
23161,4335
83239,4336
23091,4337
48049,4338
65081,4339
24369,4340
22041,4341
3012,4342
33029,4343
23291,4344
49069,4345
44859,4346
28371,4347
23141,4348
23351,4349
16139,4350
45019,4351
58081,4352
49109,4353
21769,4354
22091,4355
44359,4356
25239,4357
24489,4358
3319,4359
59541,4360
71049,4361
21131,4362
46609,4363
25219,4364
96249,4365
97161,4366
57141,4367
1639,4368
43591,4369
25129,4370
99161,4371
24249,4372
80301,4373
24421,4374
91161,4375
62101,4376
11259,4377
91131,4378
80171,4379
49081,4380
67561,4381
26321,4382
95089,4383
48069,4384
24511,4385
97101,4386
21139,4387
74031,4388
24259,4389
26409,4390
23151,4391
28161,4392
59011,4393
49169,4394
80311,4395
45111,4396
53119,4397
74019,4398
91121,4399
59019,4400
10409,4401
23031,4402
22159,4403
25179,4404
22439,4405
31179,4406
80181,4407
24689,4408
47141,4409
45151,4410
48061,4411
23349,4412
45171,4413
22509,4414
24379,4415
21111,4416
26431,4417
93109,4418
18099,4419
28121,4420
73029,4421
16211,4422
44649,4423
23279,4424
23229,4425
26299,4426
15181,4427
26059,4428
58399,4429
47031,4430
54521,4431
17299,4432
59549,4433
33019,4434
48031,4435
46739,4436
41151,4437
47189,4438
23029,4439
11479,4440
46039,4441
22281,4442
68139,4443
65109,4444
64179,4445
95081,4446
22429,4447
54629,4448
25331,4449
17419,4450
23421,4451
99089,4452
26259,4453
24359,4454
65121,4455
64171,4456
95091,4457
77111,4458
14081,4459
40269,4460
26119,4461
47129,4462
62189,4463
48039,4464
68091,4465
47169,4466
10211,4467
40251,4468
62099,4469
22099,4470
24389,4471
62231,4472
43759,4473
67559,4474
34101,4475
25441,4476
45189,4477
56079,4478
23501,4479
58491,4480
32049,4481
25509,4482
24149,4483
31011,4484
48101,4485
33059,4486
31199,4487
18241,4488
52471,4489
43751,4490
30059,4491
23449,4492
47121,4493
44171,4494
21339,4495
53301,4496
45211,4497
47021,4498
24609,4499
33039,4500
23061,4501
68121,4502
22079,4503
31161,4504
48129,4505
99111,4506
55281,4507
65129,4508
27171,4509
23071,4510
31081,4511
96091,4512
3219,4513
24611,4514
98131,4515
40259,4516
16219,4517
64139,4518
1349,4519
99011,4520
66161,4521
98141,4522
48059,4523
25229,4524
12151,4525
10219,4526
56089,4527
64169,4528
22031,4529
57149,4530
45199,4531
48099,4532
99091,4533
25169,4534
65149,4535
55321,4536
68151,4537
48081,4538
26011,4539
66241,4540
25099,4541
45191,4542
77091,4543
24699,4544
17409,4545
25351,4546
22569,4547
68061,4548
49091,4549
68101,4550
11469,4551
46031,4552
28151,4553
31041,4554
24509,4555
25479,4556
25321,4557
31171,4558
61059,4559
23479,4560
80179,4561
15129,4562
64161,4563
67551,4564
43769,4565
28149,4566
33041,4567
32079,4568
24021,4569
23359,4570
22409,4571
75459,4572
90059,4573
24501,4574
3341,4575
21129,4576
49101,4577
95071,4578
24041,4579
15109,4580
23391,4581
25459,4582
96239,4583
25439,4584
45149,4585
22069,4586
80199,4587
55211,4588
25369,4589
23401,4590
22059,4591
48089,4592
25249,4593
45008,4594
25381,4595
31071,4596
25519,4597
25259,4598
48091,4599
33031,4600
32041,4601
58339,4602
3331,4603
23209,4604
99071,4605
22491,4606
22561,4607
44191,4608
48109,4609
18179,4610
99171,4611
90039,4612
31019,4613
45239,4614
23219,4615
11389,4616
46101,4617
99139,4618
46239,4619
47701,4620
14519,4621
15119,4622
22199,4623
25119,4624
27181,4625
22149,4626
18261,4627
18251,4628
21299,4629
21309,4630
49179,4631
64141,4632
34041,4633
25371,4634
23199,4635
23411,4636
22609,4637
25109,4638
32111,4639
25189,4640
16191,4641
23259,4642
32081,4643
97091,4644
25061,4645
25071,4646
45141,4647
34021,4648
24521,4649
48079,4650
25449,4651
25341,4652
25499,4653
22021,4654
68161,4655
24011,4656
23021,4657
32061,4658
34051,4659
58429,4660
21119,4661
25429,4662
73021,4663
31021,4664
18181,4665
80189,4666
25469,4667
45181,4668
26209,4669
25399,4670
33021,4671
45201,4672
22049,4673
15101,4674
32071,4675
34011,4676
74011,4677
18171,4678
33011,4679
64191,4680
47639,4681
34019,4682
31029,4683
32051,4684
33051,4685
32059,4686
17399,4687
5009,4688
STN Bukit Brown,4689
59341,4690
43601,4691
27421,4692
59371,4693
43609,4694
13211,4695
59361,4696
14419,4697
14401,4698
14451,4699
14429,4700
92191,4701
93151,4702
92199,4703
31211,4704
93169,4705
92289,4706
14409,4707
31131,4708
92261,4709
91111,4710
93171,4711
93159,4712
93189,4713
93181,4714
93161,4715
31121,4716
93179,4717
31149,4718
32069,4719
14441,4720
31141,4721
31201,4722
31139,4723
14431,4724
31129,4725
31009,4726
91101,4727
92251,4728
14461,4729
49209,4730
49211,4731
49219,4732
49239,4733
49229,4734
49249,4735
